F1,F2,F3,F4,F5,F6,F7,F8,F9,time,harassment
945,28,0,3,18.75,14,2,3,14,0,0
282.5,0,3,1,36.25,14,3,1,3,5,0
580.8333333,20,2,0,8.5,10,1,0,14,5,1
114.1666667,4,1,10,75.5,4,3,10,9,4,0
446.6666667,0,2,5,57.75,1,0,5,9,3,0
459.1666667,9,3,11,54,9,2,11,1,4,0
9.166666667,24,1,7,50.5,12,4,7,7,0,0
316.6666667,4,2,4,41.5,2,2,4,9,2,0
606.6666667,14,2,9,62,14,2,9,9,3,0
945,0,3,10,81,3,3,10,9,3,0
428.3333333,14,1,0,29.5,14,3,0,4,1,0
623.3333333,0,3,11,28,9,1,11,7,3,0
984.1666667,9,0,1,18.75,9,4,1,12,4,1
911.6666667,2,2,4,61.25,1,2,4,6,0,0
674.1666667,0,4,3,73.5,7,0,3,14,0,0
880,18,2,11,12.25,9,2,11,1,5,1
483.3333333,9,2,1,75.75,9,0,1,4,1,0
858.3333333,18,3,2,67.75,9,2,2,2,1,0
445.8333333,8,3,3,66.75,4,1,3,2,4,0
26.66666667,0,1,10,49.25,7,1,10,6,5,0
820,12,4,0,35.75,12,1,0,3,2,0
211.6666667,6,2,2,78.25,6,3,2,10,0,0
668.3333333,28,0,5,44.25,14,4,5,10,0,0
180.8333333,2,2,9,12.25,1,3,9,8,4,0
287.5,4,0,6,61,4,3,6,15,1,0
52.5,4,2,3,36.25,2,4,3,12,5,0
973.3333333,0,1,11,34.25,2,2,11,11,5,1
435.8333333,6,1,7,56.25,6,0,7,1,4,0
873.3333333,0,1,4,17.25,3,2,4,12,0,0
487.5,20,3,8,30.25,10,3,8,7,4,0
894.1666667,10,4,8,10.5,10,4,8,9,4,1
111.6666667,8,3,8,41.5,8,1,8,2,4,0
62.5,0,3,9,59,15,3,9,2,1,0
474.1666667,12,4,9,11.75,12,0,9,14,1,0
225,11,2,6,34.5,11,0,6,10,3,0
801.6666667,0,0,6,34.25,1,3,6,2,2,0
226.6666667,12,2,0,71.25,12,4,0,6,0,0
233.3333333,7,3,2,77.5,7,4,2,9,3,0
117.5,9,4,2,81.5,9,0,2,11,3,0
125.8333333,2,1,9,63.75,2,4,9,14,1,0
470.8333333,0,3,4,14,2,2,4,9,5,0
838.3333333,14,0,2,28.5,14,1,2,6,2,0
748.3333333,20,0,1,22.25,10,895,1,102,2,0
455,0,3,6,38.5,2,1280,6,108,1,0
750,12,4,7,20.5,6,1013,7,16,2,0
715.8333333,0,4,4,13.25,9,366,4,94,2,0
627.5,0,0,9,56.25,11,902,9,93,1,0
525.8333333,14,4,8,26.75,14,4,8,50,1,0
573.3333333,18,2,6,11.5,9,2,6,10,3,0
72.5,6,1,0,40.5,6,1,0,98,5,0
248.3333333,0,895,832,81.75,102,895,832,86,1,0
98.33333333,216,1280,688,53,108,1280,688,34,3,0
259.1666667,16,1013,1040,49.25,16,1013,1040,76,3,0
168.3333333,0,366,147,43.5,94,366,147,16,1,0
218.3333333,93,902,141,57.75,93,902,141,54,0,0
79.16666667,50,932,781,28,50,932,781,12,3,0
62.5,0,787,624,10.25,10,787,624,69,4,1
120.8333333,98,152,131,22.5,98,152,131,26,5,0
28.33333333,172,500,331,14.75,86,500,331,26,5,0
251.6666667,0,1200,553,33,34,1200,553,11,3,0
192.5,76,997,197,45.25,76,997,197,106,2,0
180,32,752,241,31,16,752,241,69,3,0
168.3333333,0,852,1057,67,54,852,1057,49,1,0
138.3333333,12,647,1078,34.75,12,647,1078,30,1,0
206.6666667,69,578,107,48.25,69,578,107,25,3,0
270,0,691,670,19,26,691,670,36,2,0
98.33333333,52,199,636,74.75,26,199,636,22,4,1
93.33333333,22,390,987,37,11,390,987,51,3,0
62.5,106,968,965,27,106,968,965,21,4,1
204.1666667,69,894,318,73.75,69,894,318,85,5,1
245,49,253,512,31.25,49,253,512,41,2,0
40.83333333,30,409,712,46.5,30,409,712,16,3,0
252.5,50,546,127,32.75,25,546,127,88,1,0
225.8333333,72,1288,1023,46,36,1288,1023,33,5,1
222.5,22,783,335,77.5,22,783,335,14,4,1
164.1666667,102,375,483,45.75,51,375,483,46,4,0
119.1666667,0,963,755,65,21,963,755,17,5,1
260.8333333,170,423,380,78.25,85,423,380,49,3,0
147.5,82,294,644,44.25,41,294,644,86,3,0
40.83333333,16,394,949,12.25,16,394,949,70,1,0
203.3333333,0,241,704,61,88,241,704,89,3,0
120.8333333,66,1090,738,36.25,33,1090,738,63,4,1
114.1666667,14,374,899,34.25,14,374,899,94,2,0
187.5,92,306,1006,56.25,46,306,1006,108,4,1
57.5,0,156,795,17.25,17,156,795,21,3,0
100.8333333,49,328,303,30.25,49,328,303,91,2,0
35,86,1138,1050,10.5,86,1138,1050,10,1,0
138.3333333,140,1195,330,41.5,70,1195,330,80,0,0
196.6666667,178,380,344,59,89,380,344,59,0,0
39.16666667,0,690,291,11.75,63,690,291,78,1,0
115,188,1095,793,34.5,94,1095,793,81,3,0
114.1666667,216,1277,803,34.25,108,1277,803,55,2,0
237.5,0,142,794,71.25,21,142,794,38,2,0
258.3333333,182,1000,112,77.5,91,1000,112,20,2,0
271.6666667,20,976,144,81.5,10,976,144,76,3,0
212.5,160,973,163,63.75,80,973,163,105,5,1
46.66666667,118,391,693,14,59,391,693,47,5,1
95,0,227,1042,28.5,78,227,1042,40,5,1
74.16666667,0,1263,412,22.25,81,1263,412,46,0,0
128.3333333,55,1259,920,38.5,55,1259,920,10,3,0
68.33333333,0,174,622,20.5,38,174,622,15,4,1
44.16666667,0,569,834,13.25,20,569,834,77,1,0
187.5,0,720,542,56.25,76,720,542,16,4,1
89.16666667,105,620,659,26.75,105,620,659,93,0,0
38.33333333,47,557,767,11.5,47,557,767,100,4,1
135,0,204,787,40.5,40,204,787,72,2,0
272.5,0,1247,405,81.75,46,1247,405,29,2,0
176.6666667,10,573,785,53,10,573,785,60,3,0
164.1666667,0,527,429,49.25,15,527,429,12,0,0
145,0,593,311,43.5,77,593,311,106,5,0
192.5,0,867,996,57.75,16,867,996,20,4,1
93.33333333,93,1020,396,28,93,1020,396,43,1,0
34.16666667,200,383,959,10.25,100,383,959,59,2,0
75,144,1141,805,22.5,72,1141,805,56,1,0
49.16666667,0,1227,312,14.75,29,1227,312,41,5,1
110,60,791,665,33,60,791,665,22,3,0
150.8333333,24,169,1018,45.25,12,169,1018,89,1,0
103.3333333,212,217,272,31,106,217,272,42,5,0
223.3333333,40,686,905,67,20,686,905,92,3,0
115.8333333,86,802,624,34.75,43,802,624,39,1,0
160.8333333,0,808,825,48.25,59,808,825,10,0,0
63.33333333,112,834,960,19,56,834,960,15,0,0
249.1666667,0,779,690,74.75,41,779,690,84,1,0
123.3333333,22,850,881,37,22,850,881,90,0,0
90,89,534,334,27,89,534,334,77,1,0
245.8333333,84,808,96,73.75,42,808,96,14,5,1
104.1666667,92,523,954,31.25,92,523,954,9,0,0
155,78,825,937,46.5,39,825,937,9,0,0
109.1666667,20,1287,1048,32.75,10,1287,1048,1,2,0
153.3333333,15,839,277,46,15,839,277,7,4,1
258.3333333,168,1136,120,77.5,84,1136,120,9,1,0
152.5,0,161,932,45.75,90,161,932,9,1,0
216.6666667,0,108,373,65,77,108,373,9,5,0
170.8333333,0,556,924,51.25,102,556,924,4,5,1
260.8333333,37,1033,501,78.25,37,1033,501,7,5,1
230,66,917,1051,69,66,917,1051,12,3,0
74.16666667,33,1012,622,22.25,33,1012,622,6,5,1
258.3333333,0,980,168,77.5,25,980,168,14,5,1
175,66,190,98,52.5,66,190,98,1,5,0
214.1666667,38,591,313,64.25,38,591,313,4,3,0
171.6666667,184,274,389,51.5,92,274,389,2,2,0
135.8333333,72,109,1004,40.75,72,109,1004,2,3,0
75.83333333,0,664,619,22.75,74,664,619,6,2,0
224.1666667,35,909,259,67.25,35,909,259,3,2,0
185.8333333,0,302,719,55.75,87,302,719,10,2,0
100,186,591,842,30,93,591,842,10,2,0
59.16666667,37,753,834,17.75,37,753,834,8,0,0
105,0,724,1000,31.5,89,724,1000,15,4,1
178.3333333,41,1060,376,53.5,41,1060,376,12,1,0
257.5,99,139,1001,77.25,99,139,1001,11,3,0
196.6666667,22,226,534,59,22,226,534,1,3,0
64.16666667,42,920,464,19.25,42,920,464,12,5,1
89.16666667,194,1225,871,26.75,97,1225,871,7,2,0
214.1666667,106,1257,134,64.25,106,1257,134,9,5,1
205.8333333,108,823,255,61.75,54,823,255,2,5,1
154.1666667,77,459,115,46.25,77,459,115,2,3,0
185,0,1117,140,55.5,38,1117,140,14,2,0
78.33333333,176,398,120,23.5,88,398,120,10,3,0
34.16666667,106,1184,315,10.25,106,1184,315,2,1,0
62.5,90,1105,450,18.75,90,1105,450,6,4,1
207.5,93,1137,659,62.25,93,1137,659,9,2,0
268.3333333,0,1020,345,80.5,32,1020,345,11,0,0
190.8333333,46,1166,644,57.25,23,1166,644,14,3,0
192.5,61,297,942,57.75,61,297,942,9,5,1
207.5,25,629,179,62.25,25,629,179,6,5,1
176.6666667,0,1252,408,53,50,1252,408,102,0,0
190.8333333,0,267,255,57.25,69,267,255,108,3,0
257.5,100,693,1063,77.25,100,693,1063,16,2,0
203.3333333,132,932,486,61,66,932,486,94,5,1
91.66666667,0,709,615,27.5,26,709,615,93,2,0
196.6666667,160,1185,639,59,80,1185,639,50,0,0
100,0,258,786,30,100,258,786,10,0,0
202.5,80,719,529,60.75,40,719,529,98,3,0
247.5,88,549,168,74.25,44,549,168,86,0,0
49.16666667,77,1068,955,14.75,77,1068,955,34,2,0
157.5,34,1273,511,47.25,17,1273,511,76,4,1
115.8333333,80,192,272,34.75,80,192,272,16,2,0
126.6666667,104,873,699,38,104,873,699,54,2,0
237.5,0,697,421,71.25,48,697,421,12,2,0
63.33333333,63,304,911,19,63,304,911,69,1,0
109.1666667,93,1264,610,32.75,93,1264,610,26,4,1
202.5,0,823,217,60.75,13,823,217,26,5,1
102.5,96,1125,285,30.75,96,1125,285,11,4,1
173.3333333,33,1190,743,52,33,1190,743,106,0,0
141.6666667,0,781,614,42.5,109,781,614,69,2,0
77.5,184,648,450,23.25,92,648,450,49,4,1
95.83333333,100,349,120,28.75,100,349,120,30,1,0
95,0,950,1016,28.5,89,950,1016,25,4,1
130.8333333,71,1298,832,39.25,71,1298,832,36,5,1
148.3333333,48,234,345,44.5,48,234,345,22,0,0
133.3333333,42,755,729,40,21,755,729,51,3,0
106.6666667,0,288,401,32,54,288,401,21,1,0
185,70,306,952,55.5,70,306,952,85,0,0
92.5,34,974,283,27.75,34,974,283,41,4,1
274.1666667,0,485,606,82.25,57,485,606,16,5,1
118.3333333,0,1187,394,35.5,37,1187,394,88,3,0
37.5,54,926,601,11.25,27,926,601,33,5,1
234.1666667,0,1004,123,70.25,69,1004,123,14,0,0
100.8333333,79,581,367,30.25,79,581,367,46,3,0
215.8333333,83,910,998,64.75,83,910,998,17,2,0
50.83333333,170,766,649,15.25,85,766,649,49,0,0
65.83333333,0,818,916,19.75,50,818,916,86,1,0
84.16666667,25,1069,694,25.25,25,1069,694,70,2,0
271.6666667,67,537,440,81.5,67,537,440,89,1,0
81.66666667,0,419,347,24.5,36,419,347,63,2,0
151.6666667,93,1189,911,45.5,93,1189,911,94,5,1
197.5,0,510,861,59.25,27,510,861,108,5,1
215.8333333,0,511,529,64.75,58,511,529,21,2,0
253.3333333,174,762,872,76,87,762,872,91,5,1
204.1666667,65,1108,544,61.25,65,1108,544,10,5,1
254.1666667,0,1067,702,76.25,12,1067,702,80,4,1
130.8333333,23,726,392,39.25,23,726,392,59,3,0
131.6666667,20,983,672,39.5,20,983,672,78,3,0
125.8333333,50,892,897,37.75,50,892,897,81,2,0
72.5,46,616,397,21.75,46,616,397,55,1,0
42.5,0,816,548,12.75,19,816,548,38,5,1
178.3333333,0,592,258,53.5,32,592,258,20,4,0
143.3333333,0,1218,427,43,88,1218,427,76,0,0
112.5,100,467,474,33.75,50,467,474,105,4,0
77.5,93,591,1000,23.25,93,591,1000,47,4,1
60,78,504,1035,18,78,504,1035,40,4,1
264.1666667,124,1122,113,79.25,62,1122,113,46,5,1
203.3333333,0,779,664,61,90,779,664,10,3,0
220.8333333,90,710,897,66.25,90,710,897,15,4,1
125,0,1148,307,37.5,38,1148,307,77,3,0
245.8333333,0,316,532,73.75,89,316,532,16,0,0
107.5,36,950,201,32.25,18,950,201,93,5,1
137.5,110,774,170,41.25,55,774,170,100,0,0
205,0,373,565,61.5,48,373,565,72,0,0
226.6666667,78,231,831,68,39,231,831,29,3,1
121.6666667,0,737,1078,36.5,80,737,1078,60,3,1
274.1666667,46,1039,476,82.25,23,1039,476,12,0,0
267.5,31,101,1009,80.25,31,101,1009,106,4,1
180.8333333,192,858,1034,54.25,96,858,1034,20,5,1
65,33,276,827,19.5,33,276,827,43,2,0
117.5,0,420,266,35.25,10,420,266,59,0,0
57.5,79,747,855,17.25,79,747,855,56,2,1
237.5,0,1038,950,71.25,50,1038,950,41,5,1
58.33333333,58,831,1058,17.5,58,831,1058,22,3,0
79.16666667,108,561,637,23.75,108,561,637,89,0,0
166.6666667,57,1198,757,50,57,1198,757,42,5,1
81.66666667,12,950,670,24.5,12,950,670,92,5,1
185,42,339,291,55.5,21,339,291,39,1,0
67.5,68,882,691,20.25,68,882,691,10,2,0
182.5,0,543,478,54.75,52,543,478,15,5,0
232.5,0,1208,950,69.75,109,1208,950,84,1,0
85,58,398,149,25.5,29,398,149,90,1,0
129.1666667,27,187,998,38.75,27,187,998,77,2,1
144.1666667,78,1126,288,43.25,39,1126,288,102,1,0
215.8333333,140,1117,533,64.75,70,1117,533,37,5,1
167.5,214,322,438,50.25,107,322,438,66,4,0
154.1666667,0,661,515,46.25,177,661,515,33,0,0
133.3333333,0,570,440,40,88,570,440,25,2,0
137.5,0,958,433,41.25,327,958,433,66,5,1
160,62,560,727,48,31,560,727,38,2,0
10.83333333,598,541,444,3.25,299,541,444,92,0,0
111.6666667,0,555,433,33.5,250,555,433,72,0,0
114.1666667,208,996,439,34.25,208,996,439,74,0,1
93.33333333,196,306,679,28,98,306,679,35,4,1
66.66666667,0,922,624,20,299,922,624,87,4,1
155.8333333,143,577,736,46.75,143,577,736,93,3,0
146.6666667,618,467,370,44,309,467,370,37,1,0
86.66666667,0,365,747,26,81,365,747,89,3,0
50,34,506,676,15,34,506,676,41,5,1
167.5,360,429,715,50.25,180,429,715,99,5,1
60.83333333,106,308,494,18.25,53,308,494,22,5,0
105.8333333,0,764,311,31.75,108,764,311,42,4,1
152.5,296,783,789,45.75,296,783,789,97,5,1
89.16666667,178,433,731,26.75,178,433,731,106,4,1
12.5,450,541,457,3.75,225,541,457,54,1,0
11.66666667,0,361,644,3.5,106,361,644,77,5,1
87.5,512,974,482,26.25,256,974,482,38,1,0
43.33333333,0,389,353,13,48,389,353,88,4,0
160,0,879,701,48,72,879,701,106,1,0
129.1666667,0,331,697,38.75,259,331,697,90,3,1
85,318,468,462,25.5,159,468,462,93,1,0
48.33333333,0,971,726,14.5,84,971,726,32,0,0
9.166666667,0,379,555,2.75,303,379,555,23,5,0
44.16666667,0,977,314,13.25,88,977,314,61,3,1
142.5,426,377,452,42.75,213,377,452,25,5,0
93.33333333,0,354,498,28,245,354,498,50,2,0
163.3333333,217,999,452,49,217,999,452,69,1,1
81.66666667,0,739,667,24.5,112,739,667,100,5,1
52.5,110,624,490,15.75,55,624,490,66,3,0
85.83333333,534,957,585,25.75,267,957,585,26,1,0
66.66666667,226,451,595,20,113,451,595,80,0,0
15,152,317,634,4.5,76,317,634,100,1,0
22.5,187,665,571,6.75,187,665,571,40,5,1
173.3333333,582288,447,586,52,291144,447,586,44,0,0
60,0,324,365,18,208,324,365,77,5,0
81.66666667,312,587,747,24.5,156,587,747,17,3,0
154.1666667,246,725,522,46.25,123,725,522,80,1,0
159.1666667,0,643,788,47.75,260,643,788,104,1,0
160,0,652,694,48,212,652,694,48,0,0
156.6666667,325,383,751,47,325,383,751,63,0,0
151.6666667,70,772,555,45.5,35,772,555,93,0,0
172.5,291,661,389,51.75,291,661,389,13,3,0
47.5,0,999,762,14.25,292,999,762,96,4,1
89.16666667,0,555,396,26.75,235,555,396,33,5,0
46.66666667,476,946,672,14,238,946,672,109,0,0
51.66666667,68,540,771,15.5,68,540,771,92,3,0
52.5,322,768,740,15.75,161,768,740,100,3,0
86.66666667,256,920,706,26,256,920,706,89,1,0
87.5,0,781,324,26.25,162,781,324,71,5,1
37.5,182,647,493,11.25,91,647,493,48,2,0
40.83333333,138,403,603,12.25,138,403,603,21,3,0
124.1666667,0,950,339,37.25,268,950,339,54,1,0
77.5,0,771,772,23.25,116,771,772,70,2,0
168.3333333,248,482,358,50.5,248,482,358,34,0,0
120.8333333,203,927,353,36.25,203,927,353,57,4,1
171.6666667,0,300,424,51.5,83,300,424,37,1,0
47.5,136,536,556,14.25,136,536,556,27,0,0
109.1666667,285,379,357,32.75,285,379,357,69,4,0
79.16666667,322,891,791,23.75,161,891,791,79,5,1
51.66666667,73,312,746,15.5,73,312,746,83,3,0
147.5,68,488,494,44.25,68,488,494,85,3,0
137.5,259,343,438,41.25,259,343,438,50,3,0
58.33333333,282,330,433,17.5,282,330,433,25,4,0
161.6666667,162,853,765,48.5,81,853,765,67,2,0
95.83333333,0,490,725,28.75,74,490,725,36,3,0
70.83333333,0,506,350,21.25,212,506,350,93,4,0
28.33333333,0,441,564,8.5,259,441,564,27,3,0
35.83333333,438,367,447,10.75,219,367,447,58,2,0
55,0,849,690,16.5,194,849,690,87,5,1
140.8333333,282,945,459,42.25,141,945,459,65,2,0
144.1666667,430,602,398,43.25,215,602,398,12,0,0
158.3333333,400,621,446,47.5,200,621,446,23,3,0
98.33333333,308,758,400,29.5,154,758,400,20,3,0
16.66666667,229,601,713,5,229,601,713,50,3,0
32.5,105,328,542,9.75,105,328,542,46,0,0
97.5,114,704,624,29.25,114,704,624,19,3,0
20,0,993,536,6,319,993,536,32,0,0
76.66666667,0,796,335,23,237,796,335,88,1,0
9.166666667,0,776,530,2.75,41,776,530,50,3,0
59.16666667,302,775,413,17.75,151,775,413,93,4,1
105.8333333,50,595,380,31.75,50,595,380,78,3,0
168.3333333,201,879,334,50.5,201,879,334,62,0,0
9.166666667,89,877,452,2.75,89,877,452,90,5,1
135,188,518,352,40.5,188,518,352,90,3,0
161.6666667,0,513,744,48.5,119,513,744,38,4,1
121.6666667,628,956,357,36.5,314,956,357,89,1,0
132.5,0,519,476,39.75,293,519,476,18,3,0
160.8333333,554,749,501,48.25,277,749,501,55,4,1
15.83333333,269,335,414,4.75,269,335,414,48,5,0
36.66666667,352,562,320,11,176,562,320,39,2,0
37.5,0,914,799,11.25,72,914,799,80,2,0
155,614,524,608,46.5,307,524,608,23,2,0
125.8333333,212,605,458,37.75,106,605,458,31,5,1
48.33333333,324,944,784,14.5,324,944,784,96,0,0
102.5,0,529,426,30.75,110,529,426,33,2,0
174.1666667,202,948,735,52.25,202,948,735,10,0,0
110.8333333,518,602,687,33.25,259,602,687,79,4,1
122.5,78,670,690,36.75,39,670,690,50,4,1
161.6666667,143,467,383,48.5,143,467,383,58,0,0
117.5,123,451,577,35.25,123,451,577,108,1,0
48.33333333,202,616,701,14.5,202,616,701,57,0,0
13144.16667,656,770,333,3943.25,328,770,333,12,0,0
139.1666667,293,924,575,41.75,293,924,575,21,2,0
99.16666667,0,374,301,29.75,327,374,301,68,1,0
85,0,523,598,25.5,279,523,598,52,3,0
61.66666667,0,952,318,18.5,121,952,318,109,3,0
70.83333333,326,931,625,21.25,163,931,625,29,5,1
153.3333333,536,517,335,46,268,517,335,27,2,0
62.5,160,900,705,18.75,80,900,705,39,2,0
122.5,174,859,356,36.75,174,859,356,70,0,0
44.16666667,0,444,300,13.25,141,444,300,107,0,0
15.83333333,0,495,637,4.75,152,495,637,177,0,0
83.33333333,97,891,742,25,97,891,742,88,4,1
170.8333333,0,473,452,51.25,252,473,452,327,3,0
129.1666667,124,714,690,38.75,62,714,690,31,1,0
30,187,404,686,9,187,404,686,299,2,0
88.33333333,472,429,361,26.5,236,429,361,250,4,0
115.8333333,0,385,718,34.75,77,385,718,208,4,1
164.1666667,0,306,739,49.25,134,306,739,98,0,0
76.66666667,175,617,327,23,175,617,327,299,2,0
145,448,647,738,43.5,224,647,738,75,0,0
145,0,920,591,43.5,177,920,591,145,2,0
28.33333333,0,993,487,8.5,204,993,487,34,2,0
18.33333333,0,953,749,5.5,52,953,749,302,3,0
32.5,223,316,575,9.75,223,316,575,231,3,0
154.1666667,0,522,465,46.25,284,522,465,216,5,0
80.83333333,0,353,684,24.25,224,353,684,202,1,0
146.6666667,0,618,314,44,152,618,314,166,5,1
140.8333333,586,345,356,42.25,293,345,356,248,1,0
150,0,520,619,45,89,520,619,324,1,0
20.83333333,596,921,592,6.25,298,921,592,118,1,0
56.66666667,332,813,757,17,166,813,757,112,5,1
35.83333333,0,990,505,10.75,140,990,505,75,0,0
111.6666667,313,845,719,33.5,313,845,719,245,3,0
147.5,0,339,611,44.25,215,339,611,294,0,0
72.5,89,666,303,21.75,89,666,303,49,3,0
165,104,949,589,49.5,104,949,589,303,4,1
43.33333333,200,970,436,13,100,970,436,271,3,0
10.83333333,160,883,690,3.25,80,883,690,267,3,0
12.5,0,849,494,3.75,154,849,494,197,5,1
117.5,0,982,344,35.25,245,982,344,143,3,0
46.66666667,191,479,690,14,191,479,690,313,1,0
20,0,496,332,6,328,496,332,177,3,0
25.83333333,312,873,786,7.75,312,873,786,49,1,0
170,332,652,694,51,166,652,694,244,4,1
100.8333333,60,910,574,30.25,60,910,574,145,4,1
174.1666667,0,429,673,52.25,221,429,673,137,1,0
83.33333333,72,781,607,25,72,781,607,225,1,0
41.66666667,216,447,492,12.5,108,447,492,69,3,0
164.1666667,652,435,612,49.25,326,435,612,121,2,0
152.5,270,550,634,45.75,270,550,634,42,3,0
139.1666667,0,795,431,41.75,54,795,431,166,1,0
94.16666667,0,355,755,28.25,225,355,755,236,4,1
132.5,288,543,674,39.75,144,543,674,47,5,1
149.1666667,0,900,380,44.75,76,900,380,138,3,0
118.3333333,340,371,531,35.5,170,371,531,137,5,0
111.6666667,99,918,339,33.5,99,918,339,285,2,0
15.83333333,322,953,616,4.75,322,953,616,310,4,1
50,0,841,397,15,45,841,397,326,5,1
77.5,114,963,395,23.25,114,963,395,255,3,0
117.5,81,625,436,35.25,81,625,436,56,4,1
22.5,626,762,541,6.75,313,762,541,114,4,1
85.83333333,604,776,705,25.75,302,776,705,89,0,0
145.8333333,0,768,641,43.75,191,768,641,154,4,1
125.8333333,296,759,461,37.75,296,759,461,82,5,1
58.33333333,239,815,516,17.5,239,815,516,53,1,0
170,251,434,496,51,251,434,496,225,5,0
115.8333333,0,860,750,34.75,123,860,750,107,2,0
53.33333333,310,938,504,16,310,938,504,46,2,0
173.3333333,602,317,387,52,301,317,387,162,1,0
80,598,709,797,24,299,709,797,327,1,0
123.3333333,0,372,549,37,277,372,549,212,0,0
45,428,648,629,13.5,214,648,629,197,2,0
51.66666667,298,906,329,15.5,298,906,329,174,4,1
140.8333333,622,945,535,42.25,311,945,535,231,5,1
166.6666667,0,300,376,50,50,300,376,112,5,0
145,0,968,603,43.5,80,968,603,41,0,0
100.8333333,0,526,760,30.25,203,526,760,90,5,1
75.83333333,0,933,683,22.75,145,933,683,59,4,1
11.66666667,158,568,647,3.5,158,568,647,132,3,0
90,251,662,425,27,251,662,425,181,1,0
13.33333333,170,484,370,4,85,484,370,124,1,0
142.5,0,363,630,42.75,182,363,630,268,3,0
135.8333333,396,869,380,40.75,198,869,380,139,3,0
97.5,0,879,744,29.25,199,879,744,193,4,1
77.5,0,415,562,23.25,228,415,562,76,0,0
39.16666667,76,393,463,11.75,38,393,463,299,1,0
34.16666667,320,797,783,10.25,320,797,783,148,1,0
45,440,520,379,13.5,220,520,379,108,4,0
80.83333333,105,386,561,24.25,105,386,561,295,4,0
63.33333333,105,912,731,19,105,912,731,125,2,0
154.1666667,0,845,515,46.25,324,845,515,186,0,0
95.83333333,140,849,302,28.75,140,849,302,131,2,0
140.8333333,0,840,488,42.25,129,840,488,184,3,0
83.33333333,0,613,708,25,67,613,708,310,4,1
35.83333333,71,676,1953,10.75,71,676,1953,183,5,1
80,0,1004,1812,24,47,1004,1812,260,2,0
69.16666667,0,1075,910,20.75,17,1075,910,27,2,0
8.333333333,0,82,1217,2.5,64,82,1217,69,5,1
82.5,46,399,1109,24.75,23,399,1109,79,2,0
63.33333333,0,1048,358,19,47,1048,358,83,3,0
15.83333333,56,1162,25,4.75,56,1162,25,85,0,0
29.16666667,80,223,1090,8.75,40,223,1090,50,2,0
40,50,382,321,12,25,382,321,25,3,0
15.83333333,17,501,344,4.75,17,501,344,67,2,0
41.66666667,80,11,1113,12.5,80,11,1113,36,0,0
8.333333333,72,391,962,2.5,72,391,962,93,2,0
18.33333333,24,489,782,5.5,24,489,782,27,3,0
38.33333333,14,121,1195,11.5,14,121,1195,58,5,1
75,0,17,1162,22.5,51,17,1162,87,0,0
73.33333333,110,1126,128,22,55,1126,128,65,4,1
11.66666667,176,579,1703,3.5,88,579,1703,12,4,1
81.66666667,23,436,645,24.5,23,436,645,23,5,1
79.16666667,48,175,1564,23.75,48,175,1564,20,1,0
45,0,841,630,13.5,102,841,630,50,1,0
62.5,35,98,117,18.75,35,98,117,46,4,0
15.83333333,0,61,1692,4.75,30,61,1692,19,1,0
52.5,47,730,1920,15.75,47,730,1920,32,2,0
13.33333333,0,513,1435,4,63,513,1435,88,3,0
39.16666667,91,766,711,11.75,91,766,711,50,4,1
15.83333333,0,237,1197,4.75,90,237,1197,93,0,0
48.33333333,106,584,1669,14.5,106,584,1669,78,5,1
2.5,102,1201,1431,0.75,51,1201,1431,62,4,1
14.16666667,11,756,571,4.25,11,756,571,90,0,0
50,0,1106,439,15,100,1106,439,90,0,0
45,0,1104,849,13.5,61,1104,849,38,1,0
9.166666667,144,123,504,2.75,72,123,504,89,4,0
45.83333333,74,800,231,13.75,37,800,231,18,0,0
30,68,221,92,9,68,221,92,55,3,0
17.5,0,195,53,5.25,78,195,53,48,3,0
45,100,541,1320,13.5,50,541,1320,39,3,0
9.166666667,114,1259,430,2.75,57,1259,430,80,4,1
32.5,24,47,58,9.75,24,47,58,23,2,0
33.33333333,32,106,743,10,32,106,743,31,3,0
48.33333333,73,331,1083,14.5,73,331,1083,96,1,0
7.5,62,539,734,2.25,31,539,734,33,2,0
74.16666667,110,107,188,22.25,55,107,188,10,1,0
15.83333333,174,64,25,4.75,87,64,25,79,2,0
25.83333333,0,1018,1849,7.75,46,1018,1849,50,3,0
71.66666667,59,870,1716,21.5,59,870,1716,58,4,1
7.5,160,71,1168,2.25,80,71,1168,108,0,0
15,0,186,1957,4.5,43,186,1957,57,2,0
42.5,0,140,1399,12.75,89,140,1399,12,2,0
48.33333333,0,497,145,14.5,45,497,145,21,0,0
54.16666667,162,1003,1854,16.25,81,1003,1854,68,3,0
46.66666667,66,323,2009,14,33,323,2009,52,2,0
26.66666667,140,586,243,8,70,586,243,109,4,0
69.16666667,202,1055,1878,20.75,101,1055,1878,29,3,0
15.83333333,71,395,1909,4.75,71,395,1909,27,2,0
82.5,0,441,2010,24.75,75,441,2010,39,5,1
67.5,35,1163,569,20.25,35,1163,569,70,5,1
74.16666667,102,1274,1439,22.25,51,1274,1439,107,1,0
46.66666667,46,1015,1660,14,23,1015,1660,177,4,1
29.16666667,0,407,333,8.75,76,407,333,88,3,0
4.166666667,208,721,1990,1.25,104,721,1990,327,5,1
56.66666667,0,811,79,17,13,811,79,31,3,0
74.16666667,79,201,1162,22.25,79,201,1162,299,2,0
56.66666667,0,834,826,17,66,834,826,250,3,0
18.33333333,40,953,643,5.5,40,953,643,208,3,0
20,74,413,1586,6,37,413,1586,98,5,1
33.33333333,68,1019,860,10,34,1019,860,299,5,1
22.5,33,184,295,6.75,33,184,295,143,4,0
72.5,0,1014,1997,21.75,37,1014,1997,309,3,0
65,48,1056,1250,19.5,48,1056,1250,81,1,0
55,0,281,1370,16.5,107,281,1370,34,0,0
36.66666667,100,688,1412,11,100,688,1412,180,3,0
32.5,0,937,1965,9.75,22,937,1965,53,3,0
5.833333333,0,1030,1539,1.75,104,1030,1539,108,1,0
52.5,0,742,1418,15.75,29,742,1418,296,5,1
57.5,0,1297,1794,17.25,10,1297,1794,178,1,0
36.66666667,0,591,1235,11,53,591,1235,225,0,0
19.16666667,198,156,918,5.75,99,156,918,106,5,1
71.66666667,86,174,83,21.5,43,174,83,256,1,0
79.16666667,0,721,614,23.75,33,721,614,48,0,0
66.66666667,0,643,1043,20,86,643,1043,72,5,1
41.66666667,67,1167,269,12.5,67,1167,269,259,2,0
41.66666667,0,386,603,12.5,56,386,603,159,2,0
52.5,0,571,1618,15.75,46,571,1618,84,1,0
70.83333333,10,264,128,21.25,10,264,128,303,5,0
56.66666667,69,771,844,17,69,771,844,88,3,0
51.66666667,0,1003,1609,15.5,63,1003,1609,213,0,0
14.16666667,35,770,677,4.25,35,770,677,245,4,1
46.66666667,124,735,263,14,62,735,263,217,4,1
57.5,152,708,1601,17.25,76,708,1601,112,3,0
43.33333333,0,1167,990,13,54,1167,990,55,0,0
10.83333333,56,798,585,3.25,56,798,585,267,1,0
30,79,210,2012,9,79,210,2012,113,4,1
33.33333333,0,710,485,10,23,710,485,76,2,0
26.66666667,0,322,1392,8,12,322,1392,187,5,1
8.333333333,122,1153,635,2.5,61,1153,635,291144,5,1
12.5,0,465,51,3.75,103,465,51,208,0,0
59.16666667,176,683,232,17.75,88,683,232,156,4,1
30,36,680,911,9,36,680,911,123,4,1
0.833333333,30,170,380,0.25,30,170,380,260,1,0
83.33333333,79,1082,1814,25,79,1082,1814,212,3,0
45,0,303,261,13.5,86,303,261,325,4,0
37.5,0,200,1773,11.25,72,200,1773,35,4,1
31.66666667,91,709,1759,9.5,91,709,1759,291,4,1
10,0,23,132,3,80,23,132,292,3,0
49.16666667,43,284,1523,14.75,43,284,1523,235,3,0
5,43,697,1885,1.5,43,697,1885,238,3,0
45.83333333,76,604,1347,13.75,76,604,1347,68,3,0
27.5,84,430,421,8.25,84,430,421,161,1,0
36.66666667,0,213,1949,11,76,213,1949,256,4,1
40.83333333,51,667,293,12.25,51,667,293,162,2,0
53.33333333,60,1064,1796,16,60,1064,1796,91,4,1
77.5,170,722,198,23.25,85,722,198,138,5,1
82.5,98,1043,1228,24.75,49,1043,1228,268,2,0
65,192,977,1395,19.5,96,977,1395,116,4,1
24.16666667,86,977,658,7.25,86,977,658,248,4,1
15,0,1156,53,4.5,109,1156,53,203,5,1
32.5,101,670,1336,9.75,101,670,1336,83,4,1
38.33333333,63,1089,1316,11.5,63,1089,1316,136,1,0
21.66666667,122,1234,648,6.5,61,1234,648,285,1,0
50,38,721,1269,15,19,721,1269,161,5,1
80.83333333,214,946,638,24.25,107,946,638,73,5,1
75,0,722,1214,22.5,60,722,1214,68,3,0
39.16666667,40,921,1261,11.75,40,921,1261,259,3,0
73.33333333,0,346,1103,22,73,346,1103,282,1,0
17.5,0,1035,938,5.25,62,1035,938,81,0,0
46.66666667,86,116,1877,14,43,116,1877,74,3,0
1.666666667,132,802,1135,0.5,66,802,1135,212,5,1
75.83333333,93,408,1502,22.75,93,408,1502,259,2,0
36.66666667,140,138,1120,11,70,138,1120,219,5,1
2.5,38,314,1847,0.75,38,314,1847,194,1,0
75,62,832,1296,22.5,62,832,1296,141,5,1
80.83333333,196,431,1713,24.25,98,431,1713,215,1,0
82.5,200,504,1600,24.75,100,504,1600,200,5,1
66.66666667,86,232,1036,20,43,232,1036,154,1,0
6.666666667,20,1097,1826,2,20,1097,1826,229,4,1
7.5,66,130,1103,2.25,33,130,1103,105,1,0
70.83333333,0,919,901,21.25,76,919,901,114,5,1
51.66666667,0,391,1505,15.5,86,391,1505,319,0,0
34.16666667,118,551,1856,10.25,59,551,1856,237,0,0
23.33333333,94,474,1182,7,94,474,1182,41,1,0
52.5,54,401,131,15.75,27,401,131,151,2,0
46.66666667,218,305,1633,14,109,305,1633,50,4,1
60.83333333,44,1186,1713,18.25,22,1186,1713,201,0,0
50.83333333,38,786,1339,15.25,19,786,1339,89,4,1
27.5,47,624,1360,8.25,47,624,1360,188,2,0
44.16666667,0,205,351,13.25,98,205,351,119,3,0
25,36,633,1724,7.5,18,633,1724,314,2,0
20,38,1285,676,6,38,1285,676,293,5,1
81.66666667,103,1284,1999,24.5,103,1284,1999,277,2,0
45.83333333,42,557,705,13.75,21,557,705,269,3,0
69.16666667,0,696,277,20.75,99,696,277,176,2,0
38.33333333,0,920,618,11.5,101,920,618,72,1,0
36.66666667,0,1269,1899,11,71,1269,1899,307,4,1
67.5,0,959,1518,20.25,29,959,1518,106,0,0
70.83333333,0,1257,1701,21.25,16,1257,1701,324,0,0
53.33333333,76,346,817,16,76,346,817,110,4,1
30.83333333,62,417,1375,9.25,62,417,1375,202,1,0
72.5,144,101,1168,21.75,72,101,1168,259,4,1
5,118,97,299,1.5,59,97,299,39,0,0
66.66666667,148,546,827,20,74,546,827,143,0,0
74.16666667,104,1057,1348,22.25,52,1057,1348,123,5,1
40,22,919,1927,12,11,919,1927,202,3,0
23.33333333,0,319,521,7,14,319,521,328,1,0
32.5,94,251,928,9.75,94,251,928,293,2,0
22.5,0,493,943,6.75,96,493,943,327,3,0
29.16666667,50,106,679,8.75,25,106,679,279,3,0
39.16666667,69,371,364,11.75,69,371,364,121,1,0
52.5,14,102,177,15.75,14,102,177,163,0,0
40,106,1140,516,12,53,1140,516,268,3,0
32.5,18,264,200,9.75,18,264,200,80,1,0
35.83333333,0,1218,1691,10.75,50,1218,1691,174,5,1
8.333333333,0,231,627,2.5,23,231,627,141,5,1
78.33333333,34,1211,165,23.5,17,1211,165,152,4,1
55.83333333,124,1095,1384,16.75,62,1095,1384,97,4,1
18.33333333,32,1007,299,5.5,32,1007,299,252,2,0
21.66666667,54,526,1505,6.5,54,526,1505,62,0,0
15.83333333,102,1290,68,4.75,102,1290,68,187,1,0
43.33333333,92,982,355,13,92,982,355,236,4,1
40.83333333,164,501,513,12.25,82,501,513,77,3,0
57.5,0,1265,47,17.25,96,1265,47,134,1,0
5,0,229,1040,1.5,103,229,1040,175,5,1
69.16666667,142,539,770,20.75,71,539,770,224,0,0
55,0,875,997,16.5,39,875,997,177,0,0
1.666666667,0,841,919,0.5,17,841,919,204,4,1
53.33333333,0,188,269,16,42,188,269,52,4,0
42.5,90,174,679,12.75,45,174,679,223,4,1
54.16666667,0,529,68,16.25,35,529,68,284,0,0
43.33333333,0,595,1976,13,46,595,1976,224,5,1
30.83333333,118,917,179,9.25,59,917,179,152,2,0
19.16666667,72,616,699,5.75,36,616,699,293,5,1
25.83333333,0,483,1136,7.75,11,483,1136,89,3,0
64.16666667,106,664,1507,19.25,53,664,1507,298,1,0
18.33333333,178,878,607,5.5,89,878,607,166,0,0
8.333333333,30,145,1989,2.5,15,145,1989,140,2,0
12.5,37,905,768,3.75,37,905,768,313,2,0
83.33333333,0,61,1882,25,75,61,1882,215,3,0
36.66666667,0,241,1000,11,82,241,1000,89,5,1
10.83333333,192,619,1464,3.25,96,619,1464,104,3,0
51.66666667,31,806,391,15.5,31,806,391,100,3,0
688.3333333,15,723,1496,206.5,15,723,1496,80,3,0
365,6,107,304,109.5,6,107,304,154,3,0
318.3333333,0,391,165,95.5,9,391,165,245,3,0
559.1666667,52,858,350,167.75,26,858,350,191,0,0
429.1666667,0,26,217,128.75,10,26,217,328,1,0
724.1666667,0,725,67,217.25,11,725,67,312,5,1
340.8333333,0,638,155,102.25,23,638,155,166,0,0
745,0,588,379,223.5,20,588,379,60,5,1
665,0,389,240,199.5,21,389,240,221,4,1
190.8333333,0,94,277,57.25,11,94,277,72,4,0
357.5,7,674,357,107.25,7,674,357,108,1,0
827.5,0,618,133,248.25,14,618,133,326,5,1
823.3333333,22,136,308,247,22,136,308,270,2,0
253.3333333,0,101,198,76,9,101,198,54,1,0
569.1666667,0,177,229,170.75,8,177,229,225,3,0
651.6666667,8,670,227,195.5,4,670,227,144,4,1
352.5,0,185,168,105.75,9,185,168,76,5,0
376.6666667,27,690,337,113,27,690,337,170,1,0
839.1666667,0,235,27,251.75,21,235,27,99,2,0
421.6666667,0,23,156,126.5,24,23,156,322,2,0
390,48,119,363,117,24,119,363,45,4,0
814.1666667,44,720,221,244.25,22,720,221,114,1,0
570.8333333,0,264,265,171.25,26,264,265,81,3,0
408.3333333,10,442,388,122.5,10,442,388,313,3,0
537.5,4,784,385,161.25,2,784,385,302,0,0
275,0,36,268,82.5,25,36,268,191,5,0
579.1666667,24,45,106,173.75,24,45,106,296,5,1
873.3333333,0,118,229,262,2,118,229,239,3,0
526.6666667,42,674,262,158,21,674,262,251,2,0
611.6666667,0,805,205,183.5,12,805,205,123,3,0
570,2,151,125,171,2,151,125,310,5,1
342.5,5,172,203,102.75,5,172,203,301,5,0
810.8333333,9,12,41,243.25,9,12,41,299,4,1
721.6666667,10,593,270,216.5,10,593,270,277,0,0
735,0,129,86,220.5,22,129,86,214,4,1
323.3333333,0,89,239,97,19,89,239,298,5,0
573.3333333,12,469,317,172,12,469,317,311,5,1
203.3333333,0,818,173,61,14,818,173,50,4,1
195.8333333,8,728,150,58.75,8,728,150,80,2,0
321.6666667,2,9,137,96.5,2,9,137,203,3,0
270.8333333,16,63,30,81.25,16,63,30,145,1,0
386.6666667,14,554,39,116,7,554,39,158,3,0
275.8333333,0,626,202,82.75,15,626,202,251,0,0
177.5,8,199,270,53.25,8,199,270,85,3,0
516.6666667,0,654,217,155,15,654,217,182,4,1
721.6666667,30,803,412,216.5,15,803,412,198,3,0
706.6666667,3,868,29,212,3,868,29,199,5,1
702.5,0,838,365,210.75,15,838,365,228,1,0
225,0,644,281,67.5,3,644,281,38,4,1
629.1666667,0,254,36,188.75,23,254,36,320,1,0
250.8333333,0,860,53,75.25,8,860,53,220,1,0
448.3333333,54,814,176,134.5,27,814,176,105,0,0
526.6666667,0,73,190,158,15,73,190,105,3,0
655,50,275,298,196.5,25,275,298,324,4,1
733.3333333,0,408,144,220,6,408,144,140,4,1
898.3333333,8,8,155,269.5,8,8,155,129,1,0
764.1666667,0,311,99,229.25,19,311,99,67,1,0
395.8333333,21,452,230,118.75,21,452,230,71,3,0
898.3333333,0,125,316,269.5,10,125,316,47,4,1
417.5,9,136,341,125.25,9,136,341,17,4,0
841.6666667,24,357,368,252.5,24,357,368,64,4,1
551.6666667,11,327,21,165.5,11,327,21,23,1,0
593.3333333,0,360,124,178,5,360,124,47,1,0
735.8333333,0,420,389,220.75,3,420,389,56,2,0
400.8333333,12,71,223,120.25,12,71,223,40,5,0
455.8333333,0,540,190,136.75,26,540,190,25,5,0
185.8333333,42,560,160,55.75,21,560,160,17,5,0
807.5,0,539,72,242.25,23,539,72,80,2,0
492.5,2,458,344,147.75,1,458,344,72,2,0
215,0,388,243,64.5,20,388,243,24,2,0
255.8333333,24,548,141,76.75,24,548,141,14,3,0
596.6666667,34,520,306,179,17,520,306,51,3,0
478.3333333,0,41,262,143.5,26,41,262,55,5,0
365,0,325,323,109.5,30,325,323,88,3,1
651.6666667,16,770,109,195.5,16,770,109,23,4,1
828.3333333,0,694,60,248.5,2,694,60,48,2,0
213.3333333,6,279,315,64,6,279,315,102,0,0
441.6666667,0,789,118,132.5,18,789,118,35,3,1
657.5,0,683,357,197.25,8,683,357,30,1,0
271.6666667,18,22,128,81.5,9,22,128,47,3,0
197.5,0,142,87,59.25,2,142,87,327,4,0
742.5,0,695,391,222.75,7,695,391,360,1,1
596.6666667,0,888,284,179,5,888,284,420,3,0
557.5,16,266,257,167.25,8,266,257,71,5,1
480.8333333,2,69,221,144.25,1,69,221,540,5,0
413.3333333,2,395,409,124,2,395,409,560,5,0
582.5,0,273,392,174.75,16,273,392,539,0,0
371.6666667,0,431,300,111.5,19,431,300,458,5,1
642.5,14,846,219,192.75,14,846,219,388,3,0
607.5,25,450,288,182.25,25,450,288,548,3,1
623.3333333,19,619,221,187,19,619,221,520,3,0
610.8333333,16,354,167,183.25,8,354,167,41,5,1
243.3333333,54,776,289,73,27,776,289,325,4,1
343.3333333,30,78,278,103,15,78,278,770,2,0
473.3333333,20,773,89,142,10,773,89,694,2,0
520.8333333,0,899,44,156.25,8,899,44,279,2,0
632.5,20,617,48,189.75,10,617,48,789,2,0
493.3333333,22,433,229,148,22,433,229,683,1,1
411.6666667,0,589,96,123.5,22,589,96,22,4,0
251.6666667,0,226,324,75.5,3,226,324,142,4,0
585,22,872,52,175.5,11,872,52,695,1,0
544.1666667,15,236,217,163.25,15,236,217,888,2,1
682.5,0,746,211,204.75,19,746,211,266,5,1
897.5,29,12,295,269.25,29,12,295,69,1,0
785.8333333,0,613,120,235.75,6,613,120,395,5,1
460.8333333,26,667,300,138.25,26,667,300,273,3,0
809.1666667,0,757,287,242.75,22,757,287,431,1,0
832.5,24,891,368,249.75,12,891,368,846,4,1
735.8333333,0,556,350,220.75,5,556,350,450,0,0
550.8333333,30,591,176,165.25,30,591,176,619,2,0
230.8333333,0,65,76,69.25,20,65,76,354,5,0
810,6,749,417,243,6,749,417,776,4,1
376.6666667,12,385,99,113,6,385,99,78,3,0
660.8333333,32,52,341,198.25,16,52,341,773,0,0
494.1666667,12,167,254,148.25,6,167,254,899,4,0
734.1666667,0,454,301,220.25,29,454,301,617,1,0
200.8333333,0,498,282,60.25,9,498,282,433,0,0
910.8333333,42,439,178,273.25,21,439,178,589,4,1
190,34,36,133,57,17,36,133,226,4,0
720,0,443,81,216,22,443,81,872,3,0
645,0,888,46,193.5,7,888,46,236,5,1
690,56,654,287,207,28,654,287,746,5,1
415,21,797,181,124.5,21,797,181,12,0,0
721.6666667,0,816,267,216.5,25,816,267,613,4,1
910,24,731,145,273,12,731,145,667,1,0
765,0,721,250,229.5,22,721,250,757,2,0
369.1666667,4,866,291,110.75,2,866,291,891,4,1
670,28,500,173,201,14,500,173,556,3,0
385,26,305,411,115.5,13,305,411,591,2,0
614.1666667,30,554,367,184.25,15,554,367,65,2,0
755,0,725,30,226.5,16,725,30,749,5,1
804.1666667,0,276,396,241.25,16,276,396,385,3,0
241.6666667,58,842,164,72.5,29,842,164,52,2,0
564.1666667,0,622,173,169.25,26,622,173,167,4,1
785,14,339,223,235.5,14,339,223,454,2,0
904.1666667,52,554,265,271.25,26,554,265,498,0,0
858.3333333,26,389,405,257.5,13,389,405,439,5,1
720.8333333,0,247,90,216.25,27,247,90,36,3,0
820,7,596,213,246,7,596,213,443,4,1
720.8333333,0,96,335,216.25,17,96,335,888,5,1
398.3333333,52,838,198,119.5,26,838,198,654,4,1
177.5,0,712,221,53.25,18,712,221,797,1,0
614.1666667,0,844,285,184.25,14,844,285,816,4,1
651.6666667,0,374,278,195.5,24,374,278,731,5,1
715,25,815,142,214.5,25,815,142,721,1,0
192.5,19,110,119,57.75,19,110,119,866,0,0
470,0,879,111,141,22,879,111,500,4,1
749.1666667,0,412,404,224.75,3,412,404,305,5,1
230,9,601,278,69,9,601,278,554,2,0
536.6666667,30,15,224,161,30,15,224,725,2,0
596.6666667,17,7,418,179,17,7,418,276,0,0
708.3333333,14,640,256,212.5,7,640,256,842,2,0
353.3333333,0,720,91,106,19,720,91,622,1,0
888.3333333,7,855,131,266.5,7,855,131,339,1,0
557.5,0,607,104,167.25,1,607,104,554,4,1
390,23,603,168,117,23,603,168,389,3,0
736.6666667,42,675,313,221,21,675,313,247,3,0
760,0,572,327,228,24,572,327,596,2,0
893.3333333,0,202,274,268,28,202,274,96,4,1
205.8333333,6,132,304,61.75,3+F810:F829,132,304,838,3,0
501.6666667,8,226,275,150.5,8,226,275,712,2,0
732.5,10,26,284,219.75,5,26,284,844,2,0
886.6666667,0,459,280,266,18,459,280,374,1,0
620,56,167,419,186,28,167,419,815,5,1
423.3333333,30,700,3783,127,30,700,3783,110,0,0
798.3333333,0,850,216,239.5,2324,850,216,879,1,0
608.3333333,8,772,22,182.5,4,772,22,412,5,1
365.8333333,20,188,105,109.75,20,188,105,601,4,0
602.5,22,196,361,180.75,22,196,361,15,5,1
555,20,519,289,166.5,20,519,289,7,1,0
213.3333333,7,283,284,64,7,283,284,640,3,0
878.3333333,4,185,163,263.5,2,185,163,720,1,0
566.6666667,50,383,154,170,25,383,154,855,2,0
705,22,278,94,211.5,22,278,94,607,5,1
613.3333333,52,611,237,184,26,611,237,603,4,1
365,0,297,254,109.5,14,297,254,675,1,0
774.1666667,5,388,185,232.25,5,388,185,572,5,1
210,21,589,174,63,21,589,174,202,3,0
241.6666667,28,761,64,72.5,14,761,64,132,1,0
880.8333333,5,88,341,264.25,5,88,341,226,0,0
623.3333333,0,603,124,187,7,603,124,26,3,0
671.6666667,21,767,300,201.5,21,767,300,459,5,1
672.5,0,779,365,201.75,15,779,365,167,2,0
810,5,475,235,243,5,475,235,700,3,0
643.3333333,0,773,336,193,13,773,336,850,0,0
356.6666667,14,486,113,107,7,486,113,772,4,0
284.1666667,50,177,128,85.25,25,177,128,188,0,0
506.6666667,7,599,244,152,7,599,244,196,2,0
244.1666667,4,157,367,73.25,4,157,367,519,0,0
304.1666667,0,378,412,91.25,20,378,412,283,2,0
545.8333333,0,730,51,163.75,6,730,51,185,5,1
579.1666667,8,434,183,173.75,8,434,183,383,2,0
870,0,455,225,261,29,455,225,278,4,1
559.1666667,8,341,402,167.75,4,341,402,611,4,1
325.8333333,58,652,200,97.75,29,652,200,297,5,1
420.8333333,14,254,288,126.25,14,254,288,388,3,0
440.8333333,0,290,199,132.25,19,290,199,589,0,0
810.8333333,0,523,154,243.25,24,523,154,761,4,1
620,25,493,326,186,25,493,326,88,1,0
170.8333333,197,537,92,51.25,197,537,92,603,3,0
364.1666667,244,194,75,109.25,122,194,75,767,3,0
448.3333333,0,571,32,134.5,32,571,32,779,2,0
485.8333333,0,452,323,145.75,335,452,323,475,4,0
95.83333333,0,181,491,28.75,192,181,491,773,3,0
557.5,303,297,402,167.25,303,297,402,486,2,0
42.5,291,608,158,12.75,291,608,158,177,2,0
600.8333333,328,486,223,180.25,328,486,223,599,3,0
433.3333333,0,425,476,130,111,425,476,157,1,0
308.3333333,1212,431,503,92.5,606,431,503,378,3,0
346.6666667,603,380,230,104,603,380,230,730,2,0
373.3333333,139,452,499,112,139,452,499,434,5,0
530.8333333,518,60,38,159.25,259,60,38,455,1,0
190.8333333,0,170,97,57.25,259,170,97,341,1,0
112.5,484,397,504,33.75,484,397,504,652,1,0
425.8333333,697,484,339,127.75,697,484,339,254,4,1
545.8333333,443,408,180,163.75,443,408,180,290,2,0
295,653,126,442,88.5,653,126,442,523,3,0
567.5,0,125,352,170.25,632,125,352,493,2,0
591.6666667,0,290,28,177.5,88,290,28,537,4,1
610,238,802,238,183,119,802,238,194,3,0
174.1666667,0,609,143,52.25,390,609,143,571,2,0
585.8333333,416,322,432,175.75,208,322,432,452,1,0
605,37,339,382,181.5,37,339,382,181,4,1
608.3333333,45,547,453,182.5,45,547,453,297,1,0
498.3333333,411,15,311,149.5,411,15,311,608,0,0
561.6666667,49,326,124,168.5,49,326,124,486,1,0
100,355,281,261,30,355,281,261,425,2,0
98.33333333,3,722,449,29.5,3,722,449,431,4,1
81.66666667,0,67,267,24.5,143,67,267,380,0,0
380.8333333,0,754,220,114.25,347,754,220,452,1,0
72.5,702,499,249,21.75,351,499,249,60,1,0
404.1666667,528,210,189,121.25,264,210,189,170,1,0
204.1666667,0,520,248,61.25,377,520,248,397,3,0
517.5,272,498,419,155.25,136,498,419,484,3,0
585,0,386,175,175.5,606,386,175,408,5,1
136.6666667,678,12,145,41,678,12,145,126,5,1
61.66666667,0,302,72,18.5,577,302,72,125,3,0
560.8333333,385,419,393,168.25,385,419,393,290,2,0
528.3333333,0,784,468,158.5,239,784,468,802,5,1
455,0,728,422,136.5,481,728,422,609,1,0
410,572,794,471,123,286,794,471,322,4,1
403.3333333,528,784,462,121,528,784,462,339,4,1
361.6666667,0,335,456,108.5,38,335,456,547,0,0
559.1666667,695,511,415,167.75,695,511,415,15,3,0
474.1666667,311,376,313,142.25,311,376,313,326,4,0
162.5,370,367,290,48.75,185,367,290,281,2,0
607.5,0,115,90,182.25,436,115,90,722,5,1
145,0,50,250,43.5,414,50,250,67,1,0
105,268,39,137,31.5,268,39,137,754,2,0
117.5,0,752,465,35.25,523,752,465,499,1,0
256.6666667,0,399,335,77,683,399,335,210,3,0
365,0,196,275,109.5,656,196,275,520,4,1
79.16666667,362,269,392,23.75,181,269,392,498,3,0
364.1666667,36,733,213,109.25,18,733,213,386,1,0
475,152,738,75,142.5,152,738,75,12,3,0
79.16666667,0,632,50,23.75,590,632,50,302,1,0
427.5,436,254,332,128.25,218,254,332,419,2,0
77.5,1314,566,184,23.25,657,566,184,784,3,0
135.8333333,0,101,495,40.75,43,101,495,728,5,0
467.5,359,316,446,140.25,359,316,446,794,0,0
416.6666667,0,515,399,125,302,515,399,784,4,0
294.1666667,0,596,91,88.25,544,596,91,335,0,0
373.3333333,146,521,130,112,73,521,130,511,0,0
579.1666667,0,230,494,173.75,129,230,494,376,2,0
313.3333333,1356,641,5,94,678,641,5,367,3,0
334.1666667,0,454,152,100.25,130,454,152,115,5,0
217.5,257,590,134,65.25,257,590,134,50,5,0
333.3333333,0,490,425,100,6,490,425,39,4,0
396.6666667,0,68,393,119,513,68,393,752,5,0
247.5,0,121,449,74.25,494,121,449,399,4,0
164.1666667,0,766,342,49.25,485,766,342,196,5,1
181.6666667,498,58,359,54.5,249,58,359,269,1,0
152.5,0,452,258,45.75,472,452,258,733,1,0
610.8333333,0,648,293,183.25,674,648,293,738,3,0
243.3333333,484,116,121,73,242,116,121,632,4,0
585,0,376,66,175.5,233,376,66,254,5,1
275,618,210,430,82.5,309,210,430,566,5,0
352.5,258,226,206,105.75,129,226,206,101,2,0
231.6666667,0,421,312,69.5,645,421,312,316,4,1
339.1666667,575,597,63,101.75,575,597,63,515,5,0
555,0,173,18,166.5,102,173,18,596,3,0
574.1666667,0,15,142,172.25,627,15,142,521,1,0
205.8333333,1364,340,185,61.75,682,340,185,230,4,1
135.8333333,562,790,406,40.75,281,790,406,641,4,1
313.3333333,1286,295,350,94,643,295,350,454,0,0
55.83333333,132,625,108,16.75,132,625,108,590,5,1
300,169,169,451,90,169,169,451,490,5,0
115.8333333,311,544,30,34.75,311,544,30,68,1,0
91.66666667,239,387,287,27.5,239,387,287,121,3,0
521.6666667,724,265,293,156.5,362,265,293,766,2,0
85,0,407,323,25.5,121,407,323,58,5,0
466.6666667,0,97,33,140,691,97,33,452,5,1
190.8333333,0,408,379,57.25,205,408,379,648,2,0
416.6666667,192,476,449,125,192,476,449,116,5,0
547.5,236,675,23,164.25,118,675,23,376,5,1
589.1666667,333,245,232,176.75,333,245,232,210,3,0
252.5,0,125,448,75.75,320,125,448,226,4,0
266.6666667,0,12,504,80,373,12,504,421,5,0
424.1666667,0,730,152,127.25,337,730,152,597,0,0
608.3333333,0,541,336,182.5,283,541,336,173,1,0
472.5,634,480,449,141.75,317,480,449,15,3,0
90,0,691,341,27,273,691,341,340,5,1
291.6666667,0,146,42,87.5,530,146,42,790,2,0
583.3333333,87,480,202,175,87,480,202,295,4,1
75.83333333,794,535,482,22.75,397,535,482,625,1,0
493.3333333,71,257,158,148,71,257,158,169,5,0
87.5,638,51,264,26.25,319,51,264,544,1,0
310,8,292,407,93,4,292,407,387,4,0
347.5,0,479,211,104.25,350,479,211,265,1,0
404.1666667,262,467,71,121.25,262,467,71,407,0,0
150.8333333,30,436,317,45.25,30,436,317,97,4,0
278.3333333,900,199,225,83.5,450,199,225,408,4,0
353.3333333,0,29,60,106,187,29,60,476,1,0
315,20,771,350,94.5,10,771,350,675,0,0
499.1666667,0,184,478,149.75,29,184,478,245,3,0
168.3333333,0,319,258,50.5,281,319,258,125,0,0
455.8333333,584,592,453,136.75,292,592,453,12,5,0
175,348,700,424,52.5,348,700,424,730,0,0
369.1666667,84,410,283,110.75,42,410,283,541,1,0
506.6666667,0,526,87,152,681,526,87,480,0,0
71.66666667,8,161,213,21.5,8,161,213,691,3,0
539.1666667,161,12,101,161.75,161,12,101,146,0,0
475,0,170,115,142.5,670,170,115,480,4,1
347.5,0,564,439,104.25,363,564,439,535,3,0
331.6666667,0,483,397,99.5,352,483,397,257,0,0
525,172,392,133,157.5,86,392,133,51,3,0
311.6666667,294,804,166,93.5,147,804,166,292,5,1
85.83333333,0,156,341,25.75,122,156,341,479,2,0
293.3333333,0,751,485,88,609,751,485,467,2,0
110.8333333,0,282,313,33.25,634,282,313,436,5,1
69.16666667,404,692,24,20.75,404,692,24,199,4,1
268.3333333,0,779,429,80.5,376,779,429,29,4,1
160,0,168,502,48,205,168,502,771,2,0
320,0,33,62,96,384,33,62,184,4,0
353.3333333,0,454,126,106,461,454,126,319,2,0
194.1666667,600,250,479,58.25,600,250,479,592,3,0
315,1210,637,215,94.5,605,637,215,8,3,0
525.8333333,230,500,237,157.75,230,500,237,5,2,0
589.1666667,110,90,233,176.75,55,90,233,18,2,0
621.6666667,0,311,274,186.5,253,311,274,28,4,1
305.8333333,643,514,155,91.75,643,514,155,30,2,0
115,166,521,46,34.5,83,521,46,2324,4,0
401.6666667,1402,58,494,120.5,701,58,494,4,1,0
160.8333333,280,538,211,48.25,280,538,211,20,1,0
515,0,40,243,154.5,243,40,243,22,4,1
275.8333333,0,589,467,82.75,180,589,467,20,4,0
288.3333333,1118,404,464,86.5,559,404,464,7,1,0
346.6666667,685,179,43,104,685,179,43,2,1,0
535.8333333,0,485,238,160.75,526,485,238,25,2,0
159.1666667,0,9,94,47.75,52,9,94,22,0,0
355,1328,700,125,106.5,664,700,125,26,0,0
565.8333333,0,641,298,169.75,685,641,298,14,4,1
74.16666667,211,16,42,22.25,211,16,42,5,5,0
331.6666667,0,65,87,99.5,632,65,87,21,0,0
288.3333333,0,400,233,86.5,498,400,233,14,1,0
490.8333333,26,47,435,147.25,13,47,435,5,3,0
358.3333333,336,5,68,107.5,168,5,68,7,5,0
101.6666667,643,752,246,30.5,643,752,246,21,2,0
535,0,550,123,160.5,134,550,123,15,4,1
610.8333333,0,751,48,183.25,75,751,48,5,1,0
171.6666667,1152,229,55,51.5,576,229,55,13,5,0
563.3333333,1376,789,142,169,688,789,142,7,1,0
254.1666667,1202,725,472,76.25,601,725,472,25,4,1
416.6666667,0,744,404,125,231,744,404,7,1,0
385,370,17,199,115.5,370,17,199,4,0,0
109.1666667,0,374,445,32.75,360,374,445,20,4,0
112.5,564,542,378,33.75,282,542,378,6,4,0
75,852,201,262,22.5,426,201,262,8,1,0
594.1666667,0,69,178,178.25,41,69,178,29,0,0
77.5,487,627,106,23.25,487,627,106,4,3,0
198.3333333,677,508,31,59.5,677,508,31,29,0,0
275,1364,130,328,82.5,682,130,328,14,5,1
277.5,40,695,499,83.25,20,695,499,19,0,0
101.6666667,0,113,372,30.5,129,113,372,24,1,0
520.8333333,260,663,386,156.25,260,663,386,25,0,0
168.3333333,522,730,237,50.5,261,730,237,197,3,0
336.6666667,0,697,186,101,307,697,186,122,0,0
310.8333333,540,614,345,93.25,270,614,345,32,4,1
600,396,104,275,180,396,104,275,335,3,0
374.1666667,132,377,419,112.25,132,377,419,192,0,0
429.1666667,0,618,286,128.75,320,618,286,303,3,0
456.6666667,0,351,247,137,510,351,247,291,5,0
442.5,267,565,65,132.75,267,565,65,328,2,0
461.6666667,0,182,324,138.5,529,182,324,111,2,0
163.3333333,592,412,330,49,592,412,330,606,5,0
105.8333333,126,513,145,31.75,63,513,145,603,4,0
327.5,541,224,106,98.25,541,224,106,139,4,0
607.5,0,412,393,182.25,58,412,393,259,2,0
293.3333333,0,460,386,88,5,460,386,259,4,0
364.1666667,0,321,224,109.25,125,321,224,484,2,0
593.3333333,0,710,288,178,283,710,288,697,3,0
550,31,236,288,165,31,236,288,443,3,0
302.5,263,305,213,90.75,263,305,213,653,2,0
349.1666667,0,631,255,104.75,182,631,255,632,2,0
341.6666667,824,527,187,102.5,412,527,187,88,4,0
189.1666667,631,669,260,56.75,631,669,260,119,2,0
416.6666667,692,200,47,125,692,200,47,390,4,1
539.1666667,144,264,412,161.75,144,264,412,88,1,0
350,1014,65,17,105,507,65,17,0,1,0
